Type,Name,Request Count,Failure Count,Median Response Time,Average Response Time,Min Response Time,Max Response Time,Average Content Size,Requests/s,Failures/s,50%,66%,75%,80%,90%,95%,98%,99%,99.9%,99.99%,100%
GET,/analyze,81422,20,60,75.59175833441849,4.5859579999998346,52978.599791,133.54305961533737,276.2782704912983,0.0678632975095916,60,65,69,71,77,82,87,93,6000,31000,53000
POST,/ingest,817427,278,60,77.07783361460524,1.537374999999841,52990.447042,7.998380283499322,2773.6645846686465,0.9432998353833231,60,65,69,71,77,82,88,93,5300,40000,53000
,Aggregated,898849,298,60,76.94321787663083,1.537374999999841,52990.447042,19.370812005131008,3049.9428551599444,1.0111631328929147,60,65,69,71,77,82,88,93,5400,40000,53000
